width,depth,lr,lambda_pde,lambda_bc,relative_l2_error,max_error
40,3,0.0005,0.5,50,0.012782845833759967,0.047954168170690536
