width,depth,lr,lambda_pde,lambda_bc,relative_l2_error,max_error
40,3,0.001,0.5,50,0.022798348901686104,0.11196744441986084
